Termek neve;Termek tipusa;Statusz;Platform;ar
Ace Combat: Assault Horizon Xbox 360 hasznalt;Jatek;Rendelheto (nincs raktaron);Xbox 360;3990
Alan Wake Xbox 360 hasznalt;Jatek;Raktaron;Xbox 360;2990
Alpha Protocol Xbox 360 hasznalt;Jatek;Rendelheto (nincs raktaron);Xbox 360;1990
Armored Core V Xbox 360 (Armored Core 5) hasznalt;Jatek;Rendelheto (nincs raktaron);Xbox 360;2000
Assassin's Creed II Game of The Year Edition Xbox 360 Classics;Jatek;Rendelheto (nincs raktaron);Xbox 360;1990
Assassin's Creed II Xbox 360 hasznalt;Jatek;Raktaron;Xbox 360;1990
Assassin's Creed III Xbox 360 Classics;Jatek;Rendelheto (nincs raktaron);Xbox 360;990
Assassin's Creed Revelations Xbox 360 Classics;Jatek;Rendelheto (nincs raktaron);Xbox 360;1490
Assassin's Creed Xbox 360;Jatek;Raktaron;Xbox 360;2990
Assassin's Creed Xbox 360 Classics;Jatek;Raktaron;Xbox 360;4890
Battlefield 3 Limited Edition Xbox 360;Jatek;Raktaron;Xbox 360;11490
Battlefield 3 Xbox 360;Jatek;Raktaron;Xbox 360;5490
Battlefield 3 Xbox 360 hasznalt;Jatek;Raktaron;Xbox 360;1990
Battlefield 4 Xbox 360;Jatek;Rendelheto (nincs raktaron);Xbox 360;5490
Battlefield Hardline Xbox 360;Jatek;Raktaron;Xbox 360;5490
Binary Domain Xbox 360 hasznalt;Jatek;Raktaron;Xbox 360;2490
Bionic Commando Xbox 360 hasznalt;Jatek;Raktaron;Xbox 360;1990
Bioshock 2 Xbox 360 hasznalt;Jatek;Raktaron;Xbox 360;1990
BlazBlue: Calamity Trigger Xbox 360 hasznalt;Jatek;Raktaron;Xbox 360;2490
Borderlands 2 Xbox 360 hasznalt;Jatek;Raktaron;Xbox 360;1990
Borderlands The Pre-Sequel! Xbox 360;Jatek;Raktaron;Xbox 360;2490
Borderlands Xbox 360 hasznalt;Jatek;Raktaron;Xbox 360;1990
Brothers in Arms: Hells Highway Xbox 360 hasznalt;Jatek;Raktaron;Xbox 360;2490
Brutal Legend Xbox 360 hasznalt;Jatek;Raktaron;Xbox 360;1990
Bulletstorm Xbox 360 hasznalt;Jatek;Raktaron;Xbox 360;2490
Call of Duty Advanced Warfare Xbox 360;Jatek;Rendelheto (nincs raktaron);Xbox 360;6890
Call of Duty Modern Warfare 2 Xbox 360 Classics;Jatek;Raktaron;Xbox 360;4490
Call of Duty Modern Warfare 3 Xbox 360 hasznalt;Jatek;Raktaron;Xbox 360;3490
Child of Eden Xbox 360 hasznalt;Jatek;Raktaron;Xbox 360;1990
Command and Conquer: Red Alert 3 Xbox 360 hasznalt;Jatek;Raktaron;Xbox 360;3490
Crackdown 2 Xbox 360 hasznalt;Jatek;Raktaron;Xbox 360;1990
Crackdown Xbox 360 hasznalt;Jatek;Raktaron;Xbox 360;2490
Crysis 3 Xbox 360;Jatek;Raktaron;Xbox 360;5990
Crysis 3 Xbox 360 Classics;Jatek;Rendelheto (nincs raktaron);Xbox 360;2990
Dead Island Xbox 360 hasznalt;Jatek;Rendelheto (nincs raktaron);Xbox 360;2490
Dead Rising Xbox 360 hasznalt;Jatek;Raktaron;Xbox 360;2490
Dead Space Xbox 360 hasznalt;Jatek;Raktaron;Xbox 360;2490
Deus Ex: Human Revolution Directors Cut Xbox 360;Jatek;Rendelheto (nincs raktaron);Xbox 360;2490
Deus Ex: Human Revolution Xbox 360 hasznalt;Jatek;Raktaron;Xbox 360;1490
Devil May Cry 4 Xbox 360 hasznalt;Jatek;Raktaron;Xbox 360;1990
Diablo III Xbox 360;Jatek;Rendelheto (nincs raktaron);Xbox 360;4890
Dragon's Dogma Xbox 360;Jatek;Raktaron;Xbox 360;3990
Driver San Francisco Xbox 360 Classics;Jatek;Rendelheto (nincs raktaron);Xbox 360;2990
Dungeon Siege III Xbox 360 hasznalt;Jatek;Raktaron;Xbox 360;2490
Dynasty Warriors 7 Xbox 360 hasznalt;Jatek;Raktaron;Xbox 360;1990
Fable Anniversary Xbox 360 hasznalt;Jatek;Raktaron;Xbox 360;2990
Fallout 3 Xbox 360  hasznalt;Jatek;Raktaron;Xbox 360;2490
Far Cry 2 Xbox 360 Classics;Jatek;Raktaron;Xbox 360;1990
Far Cry 3 Xbox 360 Classics;Jatek;Rendelheto (nincs raktaron);Xbox 360;1990
Fifa 13 Xbox 360 hasznalt;Jatek;Raktaron;Xbox 360;990
Fifa 18 Xbox 360;Jatek;Rendelheto (nincs raktaron);Xbox 360;6490
Fifa 19 Xbox 360;Jatek;Raktaron;Xbox 360;16490
Fifa Street 2012 Xbox 360 Classics;Jatek;Rendelheto (nincs raktaron);Xbox 360;5490
Final Fantasy XIII Xbox 360 hasznalt;Jatek;Raktaron;Xbox 360;2490
Final Fantasy XIII-2 Xbox 360;Jatek;Raktaron;Xbox 360;3890
Final Fantasy XIII-2 Xbox 360 hasznalt;Jatek;Raktaron;Xbox 360;1990
Front Mission Evolved Xbox 360 hasznalt;Jatek;Raktaron;Xbox 360;1990
Gears of War 2 Xbox 360 hasznalt;Jatek;Raktaron;Xbox 360;1490
Gears of War Xbox 360 hasznalt;Jatek;Raktaron;Xbox 360;1990
Ghost Recon Advanced Warfighter 2 Xbox 360 hasznalt;Jatek;Raktaron;Xbox 360;1490
Ghost Recon: Advanced Warfighter Xbox 360 hasznalt;Jatek;Raktaron;Xbox 360;1990
Grand Theft Auto V Xbox 360 (GTA 5);Jatek;Rendelheto (nincs raktaron);Xbox 360;8490
Grand Theft Auto V Xbox 360 (GTA 5) hasznalt;Jatek;Raktaron;Xbox 360;6490
Grand Theft Auto: Episodes From Liberty City Xbox 360 hasznalt;Jatek;Raktaron;Xbox 360;3490
Halo 3 Classic Xbox 360 hasznalt;Jatek;Raktaron;Xbox 360;2990
Halo 3 Xbox 360 Classics;Jatek;Rendelheto (nincs raktaron);Xbox 360;4490
Halo 3 Xbox 360 hasznalt;Jatek;Raktaron;Xbox 360;1490
Halo Reach Xbox 360 hasznalt;Jatek;Raktaron;Xbox 360;1990
Halo: Combat Evolved Anniversary Xbox 360 hasznalt;Jatek;Raktaron;Xbox 360;3490
Homefront Xbox 360 hasznalt;Jatek;Rendelheto (nincs raktaron);Xbox 360;1490
Inversion Xbox 360 hasznalt;Jatek;Rendelheto (nincs raktaron);Xbox 360;1990
Just Cause Xbox 360 hasznalt;Jatek;Raktaron;Xbox 360;1990
Just Dance 2018 Xbox 360;Jatek;Rendelheto (nincs raktaron);Xbox 360;9490
Just Dance 2019 Xbox 360;Jatek;Raktaron;Xbox 360;9490
Kane and Lynch 2: Dog Days Xbox 360 hasznalt;Jatek;Raktaron;Xbox 360;1990
Kane and Lynch: Dead Men Xbox 360 hasznalt;Jatek;Raktaron;Xbox 360;1990
Killer is Dead Limited Edition Xbox 360;Jatek;Rendelheto (nincs raktaron);Xbox 360;4190
King of Fighters XIII Deluxe Edition Xbox 360;Jatek;Raktaron;Xbox 360;5990
Lego Batman 2 DC Super Heroes Xbox 360 Classics;Jatek;Raktaron;Xbox 360;4490
Lego Batman 3: Beyond Gotham Xbox 360 Classics;Jatek;Raktaron;Xbox 360;5890
Lego Harry Potter Years 1-4 Xbox 360 Classics;Jatek;Raktaron;Xbox 360;4490
Lego Harry Potter Years 5-7 Xbox 360 Classics;Jatek;Rendelheto (nincs raktaron);Xbox 360;4490
Lego Star Wars The Force Awakens Xbox 360;Jatek;Raktaron;Xbox 360;7890
Lost Odyssey Xbox 360 hasznalt;Jatek;Raktaron;Xbox 360;2990
Lost Planet 2 Xbox 360 hasznalt;Jatek;Raktaron;Xbox 360;2490
Lost Planet: Extreme Condition Xbox 360 hasznalt;Jatek;Raktaron;Xbox 360;2490
Mass Effect 2 Xbox 360 hasznalt;Jatek;Raktaron;Xbox 360;2990
Mass Effect 3 Xbox 360 hasznalt;Jatek;Rendelheto (nincs raktaron);Xbox 360;2990
Mass Effect Classics Xbox 360 Hasznalt;Jatek;Raktaron;Xbox 360;2490
Mass Effect Xbox 360 hasznalt;Jatek;Raktaron;Xbox 360;2490
Mercenaries 2: World in Flames Xbox 360 hasznalt;Jatek;Rendelheto (nincs raktaron);Xbox 360;1990
Metal Gear Rising: Revengeance Xbox 360 hasznalt;Jatek;Raktaron;Xbox 360;2490
Mindjack Xbox 360 hasznalt;Jatek;Raktaron;Xbox 360;1990
Minecraft Xbox 360 Edition;Jatek;Raktaron;Xbox 360;5490
Minecraft Xbox 360 Edition hasznalt;Jatek;Raktaron;Xbox 360;4990
Mortal Kombat Komplete Edition Xbox 360 Classics;Jatek;Rendelheto (nincs raktaron);Xbox 360;6490
Murdered Soul Suspect Xbox 360;Jatek;Raktaron;Xbox 360;3990
Murdered: Soul Suspect Xbox 360 hasznalt;Jatek;Raktaron;Xbox 360;4990
N3 Ninety-Nine Nights Xbox 360 hasznalt;Jatek;Raktaron;Xbox 360;1990
Nat Geo Quiz Wild Life Xbox 360 hasznalt;Jatek;Raktaron;Xbox 360;3490
Ninja Blade Xbox 360 hasznalt;Jatek;Raktaron;Xbox 360;2990
Operation Flashpoint: Dragon Rising Xbox 360 hasznalt;Jatek;Raktaron;Xbox 360;2490
Perfect Dark Zero Xbox 360 Classics hasznalt;Jatek;Raktaron;Xbox 360;1990
Perfect Dark Zero Xbox 360 hasznalt;Jatek;Raktaron;Xbox 360;1490
Persona 4 Arena Limited Edition Xbox 360;Jatek;Raktaron;Xbox 360;6990
Plants vs Zombies Garden Warfare Xbox 360;Jatek;Raktaron;Xbox 360;7890
Project Sylpheed Xbox 360 hasznalt;Jatek;Raktaron;Xbox 360;2490
Rage Xbox 360 hasznalt;Jatek;Raktaron;Xbox 360;1990
Raven Squad Xbox 360 hasznalt;Jatek;Raktaron;Xbox 360;2490
Red Faction: Guerrilla Xbox 360 hasznalt;Jatek;Raktaron;Xbox 360;2490
Resident Evil 5 Xbox 360 hasznalt;Jatek;Raktaron;Xbox 360;2990
Resident Evil 6 Xbox 360 hasznalt;Jatek;Raktaron;Xbox 360;2490
Rise of Nightmares (Kinect) Xbox 360 hasznalt;Jatek;Raktaron;Xbox 360;2490
Rise of the Tomb Raider Xbox 360;Jatek;Rendelheto (nincs raktaron);Xbox 360;7890
Risen 2 Dark Waters Xbox 360;Jatek;Raktaron;Xbox 360;3190
Risen Xbox 360 hasznalt;Jatek;Raktaron;Xbox 360;2490
Rockstar Table Tennis Xbox 360 hasznalt;Jatek;Raktaron;Xbox 360;2990
Saints Row 2 Xbox 360 hasznalt;Jatek;Raktaron;Xbox 360;2490
Saints Row IV Xbox 360 (Saints Row 4) hasznalt;Jatek;Raktaron;Xbox 360;2490
Saints Row Xbox 360 hasznalt;Jatek;Raktaron;Xbox 360;1990
Saints Row: The Third Xbox 360 hasznalt;Jatek;Raktaron;Xbox 360;1490
Sesame Street: Once Upon A Monster Xbox 360;Jatek;Raktaron;Xbox 360;4990
Singularity Xbox 360 hasznalt;Jatek;Raktaron;Xbox 360;3490
Skate 3 Xbox 360 Classics;Jatek;Raktaron;Xbox 360;2990
Smackdown vs RAW 2009 Xbox 360 hasznalt;Jatek;Raktaron;Xbox 360;1990
Sonic Unleashed Xbox 360 Classics;Jatek;Raktaron;Xbox 360;3490
South Park The Stick of Truth Xbox 360 Classics;Jatek;Raktaron;Xbox 360;990
Splinter Cell Conviction Xbox 360 hasznalt;Jatek;Raktaron;Xbox 360;1490
Splinter Cell: Double Agent Xbox 360 hasznalt;Jatek;Raktaron;Xbox 360;1490
Star Ocean: The Last Hope Xbox 360 hasznalt;Jatek;Raktaron;Xbox 360;3490
Star Wars The Force Unleashed II Xbox 360 Classics;Jatek;Rendelheto (nincs raktaron);Xbox 360;4490
The Bureau: XCOM Declassified Xbox 360 hasznalt;Jatek;Raktaron;Xbox 360;1990
The Darkness II Xbox 360 hasznalt;Jatek;Raktaron;Xbox 360;2490
The Darkness XBox 360 hasznalt;Jatek;Raktaron;Xbox 360;2490
The Elder Scrolls IV: Oblivion Xbox 360 hasznalt;Jatek;Raktaron;Xbox 360;2490
The Elder Scrolls V: Skyrim Xbox 360 hasznalt;Jatek;Raktaron;Xbox 360;3490
The Last Remnant Xbox 360 hasznalt;Jatek;Raktaron;Xbox 360;3490
The Lego Movie Videogame Xbox 360 Classics;Jatek;Raktaron;Xbox 360;5890
Tom Clancy's Endwar Xbox 360 hasznalt;Jatek;Raktaron;Xbox 360;990
Tom Clancy's H.A.W.X. (HAWX) Xbox 360 hasznalt;Jatek;Raktaron;Xbox 360;2990
Too Human Xbox 360 hasznalt;Jatek;Raktaron;Xbox 360;2990
Top Spin 3 Xbox 360 hasznalt;Jatek;Raktaron;Xbox 360;2490
Warhammer 40000 Space Marine Xbox 360 hasznalt;Jatek;Raktaron;Xbox 360;2490
Warriors Orochi Xbox 360 hasznalt;Jatek;Rendelheto (nincs raktaron);Xbox 360;3490
Wet Xbox 360 hasznalt;Jatek;Rendelheto (nincs raktaron);Xbox 360;2490
WWE Legends of Wrestlemania Xbox 360 hasznalt;Jatek;Raktaron;Xbox 360;2990
xbox Live Arcade Compilation Disc;Jatek;Rendelheto (nincs raktaron);Xbox 360;1990
Yaiba Ninja Gaiden Z Xbox 360;Jatek;Raktaron;Xbox 360;3990
Yaiba: Ninja Gaiden Z Xbox 360 hasznalt;Jatek;Raktaron;Xbox 360;3490
You're in the Movies Xbox 360 hasznalt (Live Vision kamera szukseges);Jatek;Raktaron;Xbox 360;990
Your Shape Fitness Evolved 2012 (Kinect) Xbox 360 Classics;Jatek;Rendelheto (nincs raktaron);Xbox 360;3990
Akiba's Trip Undead and Undressed PS3;Jatek;Raktaron;PlayStation 3;7490
Arcana Heart 3 Love Max!!!!!  PS3;Jatek;Raktaron;PlayStation 3;6990
Assassin's Creed Brotherhood PS3 Essentials;Jatek;Raktaron;PlayStation 3;1990
Assassin's Creed II Game of the Year Edition PS3 Essentials (GOTY);Jatek;Raktaron;PlayStation 3;990
Assassin's Creed III PS3 Essentials (magyar felirattal);Jatek;Rendelheto (nincs raktaron);PlayStation 3;1990
Assassin's Creed IV Black Flag PS3 Essentials (magyar felirattal);Jatek;Rendelheto (nincs raktaron);PlayStation 3;1990
Batman The Telltale Series PS3;Jatek;Raktaron;PlayStation 3;10890
Battlefield Hardline PS3;Jatek;Rendelheto (nincs raktaron);PlayStation 3;5490
Borderlands The Pre-Sequel! PS3;Jatek;Rendelheto (nincs raktaron);PlayStation 3;3490
Borderlands The Pre-Sequel! PS3 hasznalt;Jatek;Raktaron;PlayStation 3;2490
Call of Duty Advanced Warfare PS3;Jatek;Raktaron;PlayStation 3;6890
Call of Duty Modern Warfare 2 PS3;Jatek;Raktaron;PlayStation 3;5490
Call of Duty Modern Warfare PS3;Jatek;Raktaron;PlayStation 3;5490
Cars 3 Driven to Win PS3;Jatek;Raktaron;PlayStation 3;11890
Defiance PS3 Limited Edition;Jatek;Raktaron;PlayStation 3;1990
Disgaea D2 PS3;Jatek;Raktaron;PlayStation 3;6490
Disney Infinity 2.0 Disney Originals Starter Pack PS3;Jatek;Raktaron;PlayStation 3;11890
Driver San Francisco PS3 Essentials;Jatek;Raktaron;PlayStation 3;990
Enslaved PS3 hasznalt;Jatek;Raktaron;PlayStation 3;2990
Fifa 18 PS3;Jatek;Rendelheto (nincs raktaron);PlayStation 3;3990
Fifa 19 PS3;Jatek;Raktaron;PlayStation 3;16490
Fifa 2010 South Africa World Cup PS3 hasznalt;Jatek;Raktaron;PlayStation 3;1990
Final Fantasy X / X-2 HD Remaster PS3;Jatek;Raktaron;PlayStation 3;5890
Gran Turismo 6 (GT6) PS3 hasznalt;Jatek;Raktaron;PlayStation 3;3490
Grand Theft Auto IV PS3 hasznalt;Jatek;Raktaron;PlayStation 3;3490
Grand Theft Auto V PS3 (GTA 5);Jatek;Raktaron;PlayStation 3;8490
Grand Theft Auto V PS3 (GTA 5) hasznalt;Jatek;Raktaron;PlayStation 3;5990
Lego Star Wars The Force Awakens PS3;Jatek;Rendelheto (nincs raktaron);PlayStation 3;8490
Lightning Returns: Final Fantasy XIII PS3;Jatek;Raktaron;PlayStation 3;2490
Lost Dimension PS3;Jatek;Raktaron;PlayStation 3;9890
Lost: Via Domus PS3 hasznalt;Jatek;Raktaron;PlayStation 3;1990
Natural Doctrine PS3;Jatek;Raktaron;PlayStation 3;5990
NBA 2K16 PS3;Jatek;Raktaron;PlayStation 3;8890
NBA 2K18 PS3;Jatek;Raktaron;PlayStation 3;4990
One Piece: Unlimited World Red PS3;Jatek;Raktaron;PlayStation 3;6490
Pro Evolution Soccer 2014 (PES 14) PS3;Jatek;Raktaron;PlayStation 3;3190
Rainbow Six Vegas PS3 hasznalt;Jatek;Raktaron;PlayStation 3;1990
Resident Evil 6 PS3 hasznalt;Jatek;Raktaron;PlayStation 3;2990
Resistance 2 PS3 hasznalt;Jatek;Raktaron;PlayStation 3;2490
Resistance 2 PS3 Platinum hasznalt;Jatek;Raktaron;PlayStation 3;2490
Rugby World Cup 2015 PS3;Jatek;Raktaron;PlayStation 3;9490
Sherlock Holmes: Crimes and Punishments PS3;Jatek;Raktaron;PlayStation 3;5890
Skate 3 PS3 Essentials;Jatek;Raktaron;PlayStation 3;5490
Skylanders SuperChargers Dark Edition Starter Pack PS3;Jatek;Rendelheto (nincs raktaron);PlayStation 3;14990
South Park The Stick of Truth PS3;Jatek;Raktaron;PlayStation 3;990
Tales of Graces F + Tales of Symhonia Chronicles Compilation PS3;Jatek;Raktaron;PlayStation 3;6890
Tales of Symphonia Chronicles PS3;Jatek;Raktaron;PlayStation 3;6490
Tales of Xillia 2 PS3;Jatek;Raktaron;PlayStation 3;6890
Tales of Zestiria PS3;Jatek;Raktaron;PlayStation 3;5890
Tekken Tag Tournament 2 PS3 Essentials;Jatek;Rendelheto (nincs raktaron);PlayStation 3;5490
Tom Clancy's H.A.W.X. (HAWX) PS3 hasznalt;Jatek;Raktaron;PlayStation 3;1990
UFC 2009 Undisputed PS3 hasznalt;Jatek;Raktaron;PlayStation 3;1490
We Dare PS3;Jatek;Raktaron;PlayStation 3;2990
We Dare PS3 hasznalt;Jatek;Raktaron;PlayStation 3;1990
Alan Hansen's Sport Challenge Wii hasznalt;Jatek;Raktaron;Wii;1490
Alien Syndrome Wii hasznalt;Jatek;Raktaron;Wii;2490
All Star Cheerleader 2 Wii hasznalt;Jatek;Raktaron;Wii;990
All Star Cheerleader Wii hasznalt;Jatek;Raktaron;Wii;990
Alone in the Dark Wii hasznalt;Jatek;Raktaron;Wii;2490
Babysitting Party Wii hasznalt;Jatek;Raktaron;Wii;1490
Ben 10 Alien Force Wii hasznalt;Jatek;Raktaron;Wii;1990
Ben 10 Galactic Racing Wii hasznalt;Jatek;Raktaron;Wii;2990
Ben 10: Protector of Earth Wii hasznalt;Jatek;Raktaron;Wii;1490
Big Beach Sports Wii hasznalt;Jatek;Raktaron;Wii;1490
Boogie Wii hasznalt;Jatek;Raktaron;Wii;1490
Bratz The Movie Wii hasznalt;Jatek;Raktaron;Wii;990
Call of Duty 3 Wii hasznalt;Jatek;Raktaron;Wii;2990
Cate West: The Vanishing Files Wii hasznalt;Jatek;Raktaron;Wii;2490
Cloudy with a Chance of Meatballs Wii hasznalt;Jatek;Raktaron;Wii;2490
Cursed Mountain Wii hasznalt;Jatek;Raktaron;Wii;2490
Dancing On Ice Wii hasznalt;Jatek;Rendelheto (nincs raktaron);Wii;2490
Disney Universe Wii hasznalt;Jatek;Raktaron;Wii;2490
Endless Ocean Wii hasznalt;Jatek;Raktaron;Wii;2990
Epic Mickey Wii;Jatek;Rendelheto (nincs raktaron);Wii;5490
Fifa 09 ALL-PLAY Wii;Jatek;Rendelheto (nincs raktaron);Wii;2490
FIFA 11 Wii hasznalt;Jatek;Raktaron;Wii;2490
Fifa 12 Wii hasznalt;Jatek;Raktaron;Wii;1990
G-Force Wii hasznalt;Jatek;Raktaron;Wii;1490
Golden Balls Wii hasznalt;Jatek;Raktaron;Wii;990
GT Pro Series Wii hasznalt;Jatek;Raktaron;Wii;1490
Hannah Montana: The Movie Wii hasznalt;Jatek;Raktaron;Wii;1490
High School Musical: Sing It! Wii hasznalt;Jatek;Raktaron;Wii;2490
Imagine Fashion Idol Wii hasznalt;Jatek;Rendelheto (nincs raktaron);Wii;1490
Jumper: Griffin's Story Wii hasznalt;Jatek;Raktaron;Wii;990
King of Clubs Wii hasznalt;Jatek;Raktaron;Wii;1990
MadWorld Wii hasznalt;Jatek;Raktaron;Wii;2990
Manhunt 2 Wii hasznalt;Jatek;Raktaron;Wii;2490
Michael Jackson: The Experience Wii hasznalt;Jatek;Raktaron;Wii;1990
Monsters vs Aliens Wii hasznalt;Jatek;Raktaron;Wii;1990
My Horse And Me Wii hasznalt;Jatek;Raktaron;Wii;1490
MySims Kingdom Wii hasznalt;Jatek;Raktaron;Wii;2490
Need for Speed Carbon Wii hasznalt;Jatek;Raktaron;Wii;2490
Petz Monkey Madness Wii hasznalt;Jatek;Raktaron;Wii;2490
Pimp my Ride Wii hasznalt;Jatek;Raktaron;Wii;1490
Prince of Persia: Rival Swords Wii hasznalt;Jatek;Raktaron;Wii;2990
Pro Evolution Soccer 2008 (PES 08) Wii hasznalt;Jatek;Raktaron;Wii;2490
Pro Evolution Soccer 2010 (PES 10) Wii hasznalt;Jatek;Raktaron;Wii;2490
Rampage Total Destruction Wii hasznalt;Jatek;Raktaron;Wii;1990
Rayman Raving Rabbids 2 Wii hasznalt;Jatek;Raktaron;Wii;2490
Rayman Raving Rabbids TV Party Wii hasznalt;Jatek;Raktaron;Wii;1490
Rayman Raving Rabbids Wii hasznalt;Jatek;Raktaron;Wii;2490
Resident Evil Archives: Resident Evil Wii hasznalt;Jatek;Raktaron;Wii;3990
Samba de Amigo Wii hasznalt;Jatek;Raktaron;Wii;1490
Sega Superstars Tennis Wii hasznalt;Jatek;Raktaron;Wii;1990
Shaun White Snowboarding: Road Trip Wii hasznalt;Jatek;Raktaron;Wii;1990
Skylanders SuperChargers Dark Edition Starter Pack Wii;Jatek;Rendelheto (nincs raktaron);Wii;29790
Skylanders Swap Force Starter Pack Wii;Jatek;Raktaron;Wii;4990
Space Chimps Wii hasznalt;Jatek;Raktaron;Wii;1990
Splinter Cell: Double Agent Wii hasznalt;Jatek;Raktaron;Wii;1990
SSX Blur Wii hasznalt;Jatek;Raktaron;Wii;2990
Super Mario Galaxy Selects Wii;Jatek;Rendelheto (nincs raktaron);Wii;6490
Super Monkey Ball Banana Blitz Wii hasznalt;Jatek;Raktaron;Wii;2990
The Bigs Wii hasznalt;Jatek;Raktaron;Wii;1490
The Golden Compass Wii hasznalt;Jatek;Raktaron;Wii;1490
The Last Airbender Wii hasznalt;Jatek;Raktaron;Wii;1990
Titanic: Secrets of the Fateful Voyage Wii hasznalt;Jatek;Raktaron;Wii;1490
Transformers Revenge of the Fallen Wii hasznalt;Jatek;Raktaron;Wii;2490
Trauma Center: Second Opinion Wii hasznalt;Jatek;Raktaron;Wii;2490
Ultimate Band Wii hasznalt;Jatek;Rendelheto (nincs raktaron);Wii;1490
Wall-E Wii hasznalt;Jatek;Raktaron;Wii;1990
We Sing: Robbie Williams Wii hasznalt;Jatek;Raktaron;Wii;1000
Wii Music Wii hasznalt;Jatek;Raktaron;Wii;1490
WWE Smackdown Vs Raw 2009 Wii hasznalt;Jatek;Raktaron;Wii;1990
WWE Smackdown VS Raw 2011 Wii hasznalt;Jatek;Raktaron;Wii;2490
X-Men Origins Wolverine Wii hasznalt;Jatek;Raktaron;Wii;2990
Zumba Fitness Wii hasznalt;Jatek;Raktaron;Wii;1990
Disney Sing It - High School Musical 3 PS2 hasznalt;Jatek;Raktaron;PlayStation 2;1490
High School Musical Sing it! PS2 hasznalt;Jatek;Raktaron;PlayStation 2;990
SingStar Motown PS2 hasznalt;Jatek;Raktaron;PlayStation 2;990
SingStar Take That PS2 hasznalt;Jatek;Raktaron;PlayStation 2;990
Fat Princess PSP;Jatek;Rendelheto (nincs raktaron);PlayStation Portable;2990
Fat Princess PSP Essentials;Jatek;Rendelheto (nincs raktaron);PlayStation Portable;1990
Killzone Liberation PSP Essentials;Jatek;Raktaron;PlayStation Portable;990
The Eye of Judgment Legends PSP;Jatek;Rendelheto (nincs raktaron);PlayStation Portable;790
America's Army: Rise of a Soldier Xbox Classic hasznalt;Jatek;Raktaron;Xbox Classic;1490
Blood Wake Xbox Classic hasznalt;Jatek;Raktaron;Xbox Classic;2490
Brian Lara International Cricket 2005 Xbox Classic hasznalt;Jatek;Raktaron;Xbox Classic;1490
Bruce Lee: Quest of the Dragon Xbox Classic hasznalt;Jatek;Raktaron;Xbox Classic;2490
Championship Manager 5 Xbox Classic hasznalt;Jatek;Raktaron;Xbox Classic;1990
Dancing Stage Unleahed 3 Xbox Classic hasznalt;Jatek;Raktaron;Xbox Classic;990
Fable Xbox Classic hasznalt;Jatek;Raktaron;Xbox Classic;2990
Fable: The Lost Chapters Xbox Classic hasznalt;Jatek;Raktaron;Xbox Classic;2990
Halo 2 Multiplayer Map Pack Xbox Classic hasznalt;Jatek;Raktaron;Xbox Classic;2490
Harry Potter: Quidditch World Cup Xbox Classic hasznalt;Jatek;Rendelheto (nincs raktaron);Xbox Classic;2490
James Bond 007: From Russia with Love Xbox Classic hasznalt;Jatek;Raktaron;Xbox Classic;2990
Kingdom Under Fire: The Crusaders Xbox Classic hasznalt;Jatek;Raktaron;Xbox Classic;2490
Mercenaries: Playground of Destruction Xbox Classic hasznalt;Jatek;Raktaron;Xbox Classic;1490
NARC Xbox Classic hasznalt;Jatek;Raktaron;Xbox Classic;1990
NBA Live 2002 Xbox Classic hasznalt;Jatek;Raktaron;Xbox Classic;1490
Rallisport Challenge 2 Xbox hasznalt;Jatek;Raktaron;Xbox Classic;2490
Rolling Xbox Classic hasznalt;Jatek;Raktaron;Xbox Classic;990
Secret Weapons over Normandy Xbox Classic hasznalt;Jatek;Raktaron;Xbox Classic;1990
Soul Calibur II Xbox Classic hasznalt;Jatek;Raktaron;Xbox Classic;2490
Starsky and Hutch Xbox Classic hasznalt;Jatek;Raktaron;Xbox Classic;2490
Tetris Worlds Xbox Classic hasznalt;Jatek;Raktaron;Xbox Classic;1490
The Great Escape Xbox Classic hasznalt;Jatek;Raktaron;Xbox Classic;2490
The Lord of the Rings: The Third Age Xbox Classic hasznalt;Jatek;Raktaron;Xbox Classic;2990
Tiger Woods PGA Tour 2005 Xbox Classic hasznalt;Jatek;Raktaron;Xbox Classic;1990
TimeSplitters 2 Xbox Classic hasznalt;Jatek;Raktaron;Xbox Classic;2490
TimeSplitters: Future Perfect Xbox Classic hasznalt;Jatek;Raktaron;Xbox Classic;1990
Tom Clancy's Rainbow Six 3 Black Arrow Xbox Classic hasznalt;Jatek;Raktaron;Xbox Classic;2990
Tom Clancy's Rainbow Six 3 Xbox Classic hasznalt;Jatek;Raktaron;Xbox Classic;1990
Tomb Raider Legend Xbox Classic hasznalt;Jatek;Raktaron;Xbox Classic;2990
Top Spin Xbox Classic hasznalt;Jatek;Raktaron;Xbox Classic;1990
Torino 2006 Xbox Classic hasznalt;Jatek;Raktaron;Xbox Classic;1990
True Crime: Streets of L.A. Xbox Classic hasznalt;Jatek;Raktaron;Xbox Classic;1990
Unreal Championship Xbox Classic hasznalt;Jatek;Raktaron;Xbox Classic;2990
Wrestlemania 21 Xbox Classic hasznalt;Jatek;Raktaron;Xbox Classic;990
Glory Days 2 DS;Jatek;Rendelheto (nincs raktaron);Nintendo DS;2490
Donkey Konga Gamecube hasznalt;Jatek;Raktaron;GameCube;1990
Enter the Matrix Gamecube hasznalt;Jatek;Raktaron;GameCube;1990
Fifa Football 2004 Gamecube hasznalt;Jatek;Raktaron;GameCube;990
Fifa Football 2005 Gamecube hasznalt;Jatek;Raktaron;GameCube;1490
Finding Nemo Gamecube hasznalt;Jatek;Raktaron;GameCube;1990
International Superstar Soccer 2 Gamecube hasznalt;Jatek;Raktaron;GameCube;1490
Legends of Wrestling Gamecube hasznalt;Jatek;Raktaron;GameCube;1490
Medal of Honor: European Assault Gamecube hasznalt;Jatek;Raktaron;GameCube;2490
Shark Tale Gamecube hasznalt;Jatek;Raktaron;GameCube;1490
Shrek: Extra Large Gamecube hasznalt;Jatek;Raktaron;GameCube;1990
Spiderman Gamecube hasznalt;Jatek;Raktaron;GameCube;1990
Tom Clancy's Ghost Recon Gamecube hasznalt;Jatek;Raktaron;GameCube;1990
Microsoft Xbox 360 E 250GB hasznalt;Konzol;Raktaron;Xbox 360;29990
Microsoft Xbox 360 E 4GB hasznalt;Konzol;Rendelheto (nincs raktaron);Xbox 360;26990
Microsoft Xbox 360 S 250GB hasznalt;Konzol;Rendelheto (nincs raktaron);Xbox 360;28990
Xbox 360 S 4GB hasznalt;Konzol;Raktaron;Xbox 360;34990
Playstation 3 alapgep Slim (120 GB) hasznalt;Konzol;Rendelheto (nincs raktaron);PlayStation 3;24990
Sony PlayStation 3 (PS3) SuperSlim 12GB hasznalt;Konzol;Rendelheto (nincs raktaron);PlayStation 3;24990
Sony PlayStation 3 (PS3) SuperSlim 500GB hasznalt;Konzol;Rendelheto (nincs raktaron);PlayStation 3;31990
Nintendo DSi Blue hasznalt;Konzol;Rendelheto (nincs raktaron);Nintendo DS;12990
Hori Real Arcade Pro V Kai (XBO-010U) Xbox 360;Kontroller;Rendelheto (nincs raktaron);Xbox 360;38990
Microsoft Kinect kamera szenzor (refurbished) Xbox 360;Kontroller;Raktaron;Xbox 360;15990
Thrustmaster Ferrari 458 Italia Racing Wheel Xbox 360;Kontroller;Rendelheto (nincs raktaron);Xbox 360;30990
VS Xbox 360 Controller (vezetekes iranyito) OEM;Kontroller;Raktaron;Xbox 360;7990
VS Xbox 360 controller vezeteknelkuli fekete (wireless black) OEM;Kontroller;Rendelheto (nincs raktaron);Xbox 360;10990
Xbox 360 Wireless Controller (vezetek nelkuli iranyito);Kontroller;Rendelheto (nincs raktaron);Xbox 360;9990
Hori Real Arcade Pro 4 Premium VLX (PS4-030E) PS3;Kontroller;Rendelheto (nincs raktaron);PlayStation 3;83990
Sony Playstation 3 Dualshock 3 Wireless Controller Deep Red OEM;Kontroller;Rendelheto (nincs raktaron);PlayStation 3;12890
Sony Playstation 3 Dualshock 3 Wireless Controller OEM;Kontroller;Rendelheto (nincs raktaron);PlayStation 3;10990
Speedlink Strike FX Wireless Gamepad PS3 (SL-4443-BK-V2);Kontroller;Rendelheto (nincs raktaron);PlayStation 3;4990
Speedlink Strike NX Gamepad PS3 (SL-440400-BK-01);Kontroller;Rendelheto (nincs raktaron);PlayStation 3;5890
Speedlink Strike NX Wireless Gamepad PS3 (SL-440401-BK);Kontroller;Raktaron;PlayStation 3;8990
Exspect Wireless Nunchuk Adapter Wii;Kontroller;Rendelheto (nincs raktaron);Wii;3500
Sbox GP-2009 PS2,PS3,PC digitalis USB gamepad/kontroller;Kontroller;Rendelheto (nincs raktaron);PlayStation 2;3490
Sony Dualshock 2 Controller Black OEM;Kontroller;Rendelheto (nincs raktaron);PlayStation 2;4990
Sony MemoryCard 8 MB PlayStation 2-hoz;Memoria;Rendelheto (nincs raktaron);PlayStation 2;1990
HDMI kabel 1,5 m;Kabel;Rendelheto (nincs raktaron);Xbox 360;1990
Xbox 360 E tipusu adapter (tap) csatlakozo atalakito kabel FAT Xbox 360 tapokhoz;Kabel;Raktaron;Xbox 360;1490
HDMI kabel 1,5 m;Kabel;Rendelheto (nincs raktaron);PlayStation 3;990
PS3 tapkabel;Kabel;Rendelheto (nincs raktaron);PlayStation 3;590
Venom Dual Charge and Play Cable for PS3;Kabel;Rendelheto (nincs raktaron);PlayStation 3;2390
Under Control PSP Komponens kabel;Kabel;Raktaron;PlayStation Portable;990
IMP DS Lite autostolto;Kabel;Raktaron;Nintendo DS;1990
Xbox 360 kontroller elemtarto kosar feher;Alkatresz;Raktaron;Xbox 360;990
Xbox 360 kontroller elemtarto kosar fekete;Alkatresz;Raktaron;Xbox 360;990
Disney Infinity 3.0 Edition - Marvel Battlegrounds Power Disc Pack;Egyeb;Raktaron;Xbox 360;490
Disney Infinity 3.0 Edition - Twilight of the Republic Play Set (Star Wars);Egyeb;Raktaron;Xbox 360;3990
HDMi 1.4 kabel 5m;Egyeb;Raktaron;Xbox 360;1990
Microsoft Xbox 360 USB PC Wireless fogadoegyseg fekete OEM;Egyeb;Rendelheto (nincs raktaron);Xbox 360;5490
Speedlink Bridge USB Charging System toltoszett Xbox 360 (SL-2308-BK);Egyeb;Raktaron;Xbox 360;6890
Venom Twin Docking Station (VS2891) Xbox 360;Egyeb;Rendelheto (nincs raktaron);Xbox 360;6890
Venom Twin Rechargeable Battery (akku) pack fekete Xbox 360;Egyeb;Raktaron;Xbox 360;3990
Venom Twin Rechargeable Battery Packs (VS2894) Xbox 360;Egyeb;Rendelheto (nincs raktaron);Xbox 360;4890
Venom X360 Controller tolto duplaszett fekete;Egyeb;Raktaron;Xbox 360;5490
VS Charge Cable (toltokabel) Xbox 360 OEM;Egyeb;Raktaron;Xbox 360;990
VS Play and Charge Kit 4800 mAh Xbox 360;Egyeb;Rendelheto (nincs raktaron);Xbox 360;3490
Xbox 360 E Slim tapegyseg;Egyeb;Rendelheto (nincs raktaron);Xbox 360;7990
Xbox 360 E Slim tapegyseg OEM;Egyeb;Raktaron;Xbox 360;5990
Xbox 360 S Slim tapegyseg OEM;Egyeb;Raktaron;Xbox 360;5990
Xbox Live Ajandekkartya 12990 HUF;Egyeb;Raktaron;Xbox 360;12990
Xbox Live Ajandekkartya 2990 HUF;Egyeb;Raktaron;Xbox 360;2990
Xbox Live Ajandekkartya 6990 HUF;Egyeb;Rendelheto (nincs raktaron);Xbox 360;6990
Xbox Live Gold 12 honapos Elofizetes;Egyeb;Raktaron;Xbox 360;17490
Xbox Live Gold 3 honapos Elofizetes;Egyeb;Raktaron;Xbox 360;5990
Mini USB / USB kabel (PS3 controller tolto kabel / PSP adatkabel);Egyeb;Rendelheto (nincs raktaron);PlayStation 3;1490
Playstation Network (PSN) Prepaid Card HUF 15000 forint feltolto;Egyeb;Raktaron;PlayStation 3;14990
Playstation Network (PSN) Prepaid Card HUF 6000 forint feltolto (digitalis kod);Egyeb;Letoltheto;PlayStation 3;5990
PlayStation Plus Prepaid Card 90 napos elofizetes (magyar profilhoz);Egyeb;Raktaron;PlayStation 3;7490
Speedlink Argos Bluetooth Backheadset PS3 (SL-4472-BK);Egyeb;Raktaron;PlayStation 3;4990
Speedlink Jazz USB Charger PS3 (SL-440001-BK);Egyeb;Raktaron;PlayStation 3;3490
Speedlink PS3 Move Guard Silicone Skin Kit vedotok szett fekete (SL-4319-BK);Egyeb;Raktaron;PlayStation 3;1990
Speedlink PS3 Move Guard Silicone Skin Kit vedotok szett kek (SL-4319-SBE);Egyeb;Rendelheto (nincs raktaron);PlayStation 3;2990
Speedlink PS3 Move Guard Silicone Skin Kit vedotok szett piros (SL-4319-SRD);Egyeb;Rendelheto (nincs raktaron);PlayStation 3;1990
Speedlink PS3 Move Guard Silicone Skin Kit vedotok szett zold (SL-4319-SGN);Egyeb;Rendelheto (nincs raktaron);PlayStation 3;1990
Speedlink Trace Smartphone Clip (Sl-4433-BK);Egyeb;Raktaron;PlayStation 3;1890
Under Control Playstation 3 USB Adaptor 4 kontrollerhez;Egyeb;Raktaron;PlayStation 3;2990
IMP Swordplay Kit Wii;Egyeb;Raktaron;Wii;2190
Nintendo 64 tapegyseg;Egyeb;Raktaron;Wii;2990
Nintendo Gamecube tap;Egyeb;Raktaron;Wii;4490
Nintendo Wii Headbanger MW 3 Chat Headset;Egyeb;Raktaron;Wii;1990
Speedlink Professional Boxing Kit Wii (SL-3438-SWT);Egyeb;Rendelheto (nincs raktaron);Wii;2990
Speedlink Wii Controller vedotok kek;Egyeb;Rendelheto (nincs raktaron);Wii;990
Speedlink Wii Fit akkumulator es  USB tolto;Egyeb;Rendelheto (nincs raktaron);Wii;2490
3rd Earth PlayStation 2 8MB Memory Card Twin Pack;Egyeb;Rendelheto (nincs raktaron);PlayStation 2;2290
Under Control Playstation 2 Slim tapegyseg;Egyeb;Raktaron;PlayStation 2;1990
VS 8MB Memory Card PS2;Egyeb;Rendelheto (nincs raktaron);PlayStation 2;2490
Madrics PSP kepernyovedo folia;Egyeb;Rendelheto (nincs raktaron);PlayStation Portable;590
Power Logik Battery Charger PSP;Egyeb;Rendelheto (nincs raktaron);PlayStation Portable;1490
PSP 2000/3000 akkumulator tolto (utangyartott);Egyeb;Rendelheto (nincs raktaron);PlayStation Portable;3490
PSP Cobra Stand flexibilis allvany;Egyeb;Rendelheto (nincs raktaron);PlayStation Portable;3290
PSP Hori kepernyovedo folia (Hori Screen Protective Filter);Egyeb;Raktaron;PlayStation Portable;490
PSP Szilikon vedotok attetszo feher;Egyeb;Raktaron;PlayStation Portable;1650
PSP Szilikon vedotok fekete;Egyeb;Raktaron;PlayStation Portable;1990
PSP XCM Fashion Series krom elolap;Egyeb;Rendelheto (nincs raktaron);PlayStation Portable;4990
Speedlink metal elo es hatlap (ezust);Egyeb;Rendelheto (nincs raktaron);PlayStation Portable;4490
Speedlink metal elo es hatlap (kek);Egyeb;Rendelheto (nincs raktaron);PlayStation Portable;4490
Under Control PSP vedotok fekete;Egyeb;Raktaron;PlayStation Portable;990
XCM Face Plate Series (elolap) Crystal Edition;Egyeb;Rendelheto (nincs raktaron);PlayStation Portable;2990
Eaxus Nintendo DS/GBA akkumulator tolto;Egyeb;Rendelheto (nincs raktaron);Nintendo DS;1990
IMP DS Lite 7-az-1-ben kiegeszito pack feher;Egyeb;Raktaron;Nintendo DS;2190
IMP DS Lite 7-az-1-ben kiegeszito pack fekete;Egyeb;Raktaron;Nintendo DS;2190
IMP DS Lite Play and Store Case;Egyeb;Rendelheto (nincs raktaron);Nintendo DS;2000
Logitech PlayGear Pocket Lite DS Lite-hoz;Egyeb;Raktaron;Nintendo DS;2990
Speedlink DSi / DS Lite hordtaska (feher);Egyeb;Rendelheto (nincs raktaron);Nintendo DS;1490
Speedlink DSi / DS Lite hordtaska (fekete);Egyeb;Rendelheto (nincs raktaron);Nintendo DS;1490
Speedlink DSi kepernyovedo es torlokendo;Egyeb;Rendelheto (nincs raktaron);Nintendo DS;990
Speedlink Nintendo DSi atlatszo vedotok;Egyeb;Rendelheto (nincs raktaron);Nintendo DS;990
